<Pin_Index_Table xmlns:xsi="http://www.w3.org/2001/XMLSchema-instance" xsi:noNamespaceSchemaLocation="GEN_Init_SignalPinEncode_tt.xsd">
  <Pin name="TDAU_XTHMANA" index="1" />
  <Pin name="TDAU_XTHMDA" index="2" />
  <Pin name="TDYN_09" index="3" />
  <Pin name="UEISLAVE_100" index="4" />
  <Pin name="vcc" index="5" />
  <Pin name="vcc2" index="6" />
  <Pin name="vccddq" index="7" />
  <Pin name="vccddqtx" index="8" />
  <Pin name="vccfhv" index="9" />
  <Pin name="vccflv" index="10" />
  <Pin name="vccg" index="11" />
  <Pin name="vccgact" index="12" />
  <Pin name="vccgsio" index="13" />
  <Pin name="vccidv" index="14" />
  <Pin name="vccidv_ehv" index="15" />
  <Pin name="vccio_hv" index="16" />
  <Pin name="vccio_uhv" index="17" />
  <Pin name="vccpci_hv" index="18" />
  <Pin name="vccpciana" index="19" />
  <Pin name="vccpcick" index="20" />
  <Pin name="vccpcinom" index="21" />
  <Pin name="vccthm_hv" index="22" />
  <Pin name="vsshi" index="23" />
  <Pin name="xactdftclk" index="24" />
  <Pin name="xactdigview0" index="25" />
  <Pin name="xactdigview1" index="26" />
  <Pin name="xactdigview2" index="27" />
  <Pin name="xactdigview3" index="28" />
  <Pin name="xactenable" index="29" />
  <Pin name="xactpdfin0" index="30" />
  <Pin name="xactpdfin1" index="31" />
  <Pin name="xactpdfin2" index="32" />
  <Pin name="xactpdfin3" index="33" />
  <Pin name="xactpdfin4" index="34" />
  <Pin name="xactpdfin5" index="35" />
  <Pin name="xactpdfin6" index="36" />
  <Pin name="xactpdfin7" index="37" />
  <Pin name="xactpdfin8" index="38" />
  <Pin name="xactpllrefclk" index="39" />
  <Pin name="xactreset" index="40" />
  <Pin name="xactscantdo" index="41" />
  <Pin name="xbi" index="42" />
  <Pin name="xc4vsense" index="43" />
  <Pin name="xclkmode0" index="44" />
  <Pin name="xclkmode1" index="45" />
  <Pin name="xclock" index="46" />
  <Pin name="xcntrrst" index="47" />
  <Pin name="xcoltrlen" index="48" />
  <Pin name="xdatain" index="49" />
  <Pin name="xdataout0" index="50" />
  <Pin name="xdataout1" index="51" />
  <Pin name="xdataout10" index="52" />
  <Pin name="xdataout11" index="53" />
  <Pin name="xdataout12" index="54" />
  <Pin name="xdataout13" index="55" />
  <Pin name="xdataout14" index="56" />
  <Pin name="xdataout15" index="57" />
  <Pin name="xdataout16" index="58" />
  <Pin name="xdataout17" index="59" />
  <Pin name="xdataout18" index="60" />
  <Pin name="xdataout19" index="61" />
  <Pin name="xdataout2" index="62" />
  <Pin name="xdataout20" index="63" />
  <Pin name="xdataout21" index="64" />
  <Pin name="xdataout22" index="65" />
  <Pin name="xdataout23" index="66" />
  <Pin name="xdataout24" index="67" />
  <Pin name="xdataout25" index="68" />
  <Pin name="xdataout26" index="69" />
  <Pin name="xdataout27" index="70" />
  <Pin name="xdataout28" index="71" />
  <Pin name="xdataout29" index="72" />
  <Pin name="xdataout3" index="73" />
  <Pin name="xdataout30" index="74" />
  <Pin name="xdataout31" index="75" />
  <Pin name="xdataout4" index="76" />
  <Pin name="xdataout5" index="77" />
  <Pin name="xdataout6" index="78" />
  <Pin name="xdataout7" index="79" />
  <Pin name="xdataout8" index="80" />
  <Pin name="xdataout9" index="81" />
  <Pin name="xddr_1adq0" index="82" />
  <Pin name="xddr_1adq1" index="83" />
  <Pin name="xddr_1adq2" index="84" />
  <Pin name="xddr_1adq3" index="85" />
  <Pin name="xddr_1adq4" index="86" />
  <Pin name="xddr_1adq5" index="87" />
  <Pin name="xddr_1adqsn" index="88" />
  <Pin name="xddr_1adqsp" index="89" />
  <Pin name="xddr_1bdq0" index="90" />
  <Pin name="xddr_1bdq1" index="91" />
  <Pin name="xddr_1bdq2" index="92" />
  <Pin name="xddr_1bdq3" index="93" />
  <Pin name="xddr_1bdq4" index="94" />
  <Pin name="xddr_1bdq5" index="95" />
  <Pin name="xddr_1bdqsn" index="96" />
  <Pin name="xddr_1bdqsp" index="97" />
  <Pin name="xddr_1dq0" index="98" />
  <Pin name="xddr_1dq1" index="99" />
  <Pin name="xddr_2adq0" index="100" />
  <Pin name="xddr_2adq1" index="101" />
  <Pin name="xddr_2adq2" index="102" />
  <Pin name="xddr_2adq3" index="103" />
  <Pin name="xddr_2adq4" index="104" />
  <Pin name="xddr_2adq5" index="105" />
  <Pin name="xddr_2adqsn" index="106" />
  <Pin name="xddr_2adqsp" index="107" />
  <Pin name="xddr_2bdq0" index="108" />
  <Pin name="xddr_2bdq1" index="109" />
  <Pin name="xddr_2bdq2" index="110" />
  <Pin name="xddr_2bdq3" index="111" />
  <Pin name="xddr_2bdq4" index="112" />
  <Pin name="xddr_2bdq5" index="113" />
  <Pin name="xddr_2bdqsn" index="114" />
  <Pin name="xddr_2bdqsp" index="115" />
  <Pin name="xddr_2dq0" index="116" />
  <Pin name="xddr_2dq1" index="117" />
  <Pin name="xddr_3dq0" index="118" />
  <Pin name="xddr_3dq1" index="119" />
  <Pin name="xddr_4adq0" index="120" />
  <Pin name="xddr_4adq1" index="121" />
  <Pin name="xddr_4adq2" index="122" />
  <Pin name="xddr_4adq3" index="123" />
  <Pin name="xddr_4adq4" index="124" />
  <Pin name="xddr_4adq5" index="125" />
  <Pin name="xddr_4adqsn" index="126" />
  <Pin name="xddr_4adqsp" index="127" />
  <Pin name="xddr_4bdq0" index="128" />
  <Pin name="xddr_4bdq1" index="129" />
  <Pin name="xddr_4bdq2" index="130" />
  <Pin name="xddr_4bdq3" index="131" />
  <Pin name="xddr_4bdq4" index="132" />
  <Pin name="xddr_4bdq5" index="133" />
  <Pin name="xddr_4bdqsn" index="134" />
  <Pin name="xddr_4bdqsp" index="135" />
  <Pin name="xddr_4dq0" index="136" />
  <Pin name="xddr_4dq1" index="137" />
  <Pin name="xddr_5adq0" index="138" />
  <Pin name="xddr_5adq1" index="139" />
  <Pin name="xddr_5adq2" index="140" />
  <Pin name="xddr_5adq3" index="141" />
  <Pin name="xddr_5adq4" index="142" />
  <Pin name="xddr_5adq5" index="143" />
  <Pin name="xddr_5adqsn" index="144" />
  <Pin name="xddr_5adqsp" index="145" />
  <Pin name="xddr_5bdq0" index="146" />
  <Pin name="xddr_5bdq1" index="147" />
  <Pin name="xddr_5bdq2" index="148" />
  <Pin name="xddr_5bdq3" index="149" />
  <Pin name="xddr_5bdq4" index="150" />
  <Pin name="xddr_5bdq5" index="151" />
  <Pin name="xddr_5bdqsn" index="152" />
  <Pin name="xddr_5bdqsp" index="153" />
  <Pin name="xddr_5dq0" index="154" />
  <Pin name="xddr_5dq1" index="155" />
  <Pin name="xddr_6dq0" index="156" />
  <Pin name="xddr_6dq1" index="157" />
  <Pin name="xddr_7dq0" index="158" />
  <Pin name="xddr_7dq1" index="159" />
  <Pin name="xddr_bias0" index="160" />
  <Pin name="xddr_bias1" index="161" />
  <Pin name="xddr_bias2" index="162" />
  <Pin name="xddr_capture" index="163" />
  <Pin name="xddr_clkrx" index="164" />
  <Pin name="xddr_clktx" index="165" />
  <Pin name="xddr_datain" index="166" />
  <Pin name="xddr_digview0" index="167" />
  <Pin name="xddr_digview1" index="168" />
  <Pin name="xddr_digview2" index="169" />
  <Pin name="xddr_digview3" index="170" />
  <Pin name="xddr_dllen" index="171" />
  <Pin name="xddr_esden" index="172" />
  <Pin name="xddr_hvio0" index="173" />
  <Pin name="xddr_hvio1" index="174" />
  <Pin name="xddr_hvio2" index="175" />
  <Pin name="xddr_hvio3" index="176" />
  <Pin name="xddr_hvio4" index="177" />
  <Pin name="xddr_hvio5" index="178" />
  <Pin name="xddr_hvio6" index="179" />
  <Pin name="xddr_hvio7" index="180" />
  <Pin name="xddr_hvio8" index="181" />
  <Pin name="xddr_hvio9" index="182" />
  <Pin name="xddr_hvion" index="183" />
  <Pin name="xddr_hviop" index="184" />
  <Pin name="xddr_ioctrl" index="185" />
  <Pin name="xddr_lbrst" index="186" />
  <Pin name="xddr_midview" index="187" />
  <Pin name="xddr_prbsrst" index="188" />
  <Pin name="xddr_reset" index="189" />
  <Pin name="xddr_sca" index="190" />
  <Pin name="xddr_scb" index="191" />
  <Pin name="xddr_scmode0" index="192" />
  <Pin name="xddr_scmode1" index="193" />
  <Pin name="xddr_sramen" index="194" />
  <Pin name="xddr_tdi" index="195" />
  <Pin name="xddr_tdo" index="196" />
  <Pin name="xddr_update" index="197" />
  <Pin name="xddr_view0" index="198" />
  <Pin name="xddr_view1" index="199" />
  <Pin name="xddr_vref" index="200" />
  <Pin name="xddutyouten" index="201" />
  <Pin name="xdefaultir_b" index="202" />
  <Pin name="xedm1_0" index="203" />
  <Pin name="xedm1_1" index="204" />
  <Pin name="xedm2_0" index="205" />
  <Pin name="xedm2_1" index="206" />
  <Pin name="xfslyar" index="207" />
  <Pin name="xfsvmon" index="208" />
  <Pin name="xgridclkmon" index="209" />
  <Pin name="xidvdigout" index="210" />
  <Pin name="xlowkildvc0" index="211" />
  <Pin name="xlowkildvc1" index="212" />
  <Pin name="xlowkildvc2" index="213" />
  <Pin name="xlowkildvc3" index="214" />
  <Pin name="xlya0" index="215" />
  <Pin name="xlya0_b" index="216" />
  <Pin name="xlya1" index="217" />
  <Pin name="xlya10" index="218" />
  <Pin name="xlya10_b" index="219" />
  <Pin name="xlya11" index="220" />
  <Pin name="xlya11_b" index="221" />
  <Pin name="xlya12" index="222" />
  <Pin name="xlya12_b" index="223" />
  <Pin name="xlya13" index="224" />
  <Pin name="xlya13_b" index="225" />
  <Pin name="xlya1_b" index="226" />
  <Pin name="xlya2" index="227" />
  <Pin name="xlya2_b" index="228" />
  <Pin name="xlya3" index="229" />
  <Pin name="xlya3_b" index="230" />
  <Pin name="xlya4" index="231" />
  <Pin name="xlya4_b" index="232" />
  <Pin name="xlya5" index="233" />
  <Pin name="xlya5_b" index="234" />
  <Pin name="xlya6" index="235" />
  <Pin name="xlya6_b" index="236" />
  <Pin name="xlya7" index="237" />
  <Pin name="xlya7_b" index="238" />
  <Pin name="xlya8" index="239" />
  <Pin name="xlya8_b" index="240" />
  <Pin name="xlya9" index="241" />
  <Pin name="xlya9_b" index="242" />
  <Pin name="xlyagcoladd0" index="243" />
  <Pin name="xlyagcoladd0_dpin" index="244" />
  <Pin name="xlyagcoladd1" index="245" />
  <Pin name="xlyagcoladd1_dpin" index="246" />
  <Pin name="xlyagcoladd2" index="247" />
  <Pin name="xlyagcoladd2_dpin" index="248" />
  <Pin name="xlyagcoladd3" index="249" />
  <Pin name="xlyagcoladd3_dpin" index="250" />
  <Pin name="xlyagcoladd4" index="251" />
  <Pin name="xlyagcoladd4_dpin" index="252" />
  <Pin name="xlyamode0" index="253" />
  <Pin name="xlyamode0_dpin" index="254" />
  <Pin name="xlyamode1" index="255" />
  <Pin name="xlyamode1_dpin" index="256" />
  <Pin name="xlyamode2" index="257" />
  <Pin name="xlyamode2_dpin" index="258" />
  <Pin name="xpcianadebug0" index="259" />
  <Pin name="xpcianadebug1" index="260" />
  <Pin name="xpcidfxclkout" index="261" />
  <Pin name="xpcidigdebug0" index="262" />
  <Pin name="xpcidigdebug1" index="263" />
  <Pin name="xpcidigdebug2" index="264" />
  <Pin name="xpcidigdebug3" index="265" />
  <Pin name="xpcidigdebug4" index="266" />
  <Pin name="xpcidigdebug5" index="267" />
  <Pin name="xpciibias" index="268" />
  <Pin name="xpcion" index="269" />
  <Pin name="xpcipll_bpclkn" index="270" />
  <Pin name="xpcipll_bpclkp" index="271" />
  <Pin name="xpcircomp" index="272" />
  <Pin name="xpcireset" index="273" />
  <Pin name="xpcirxn0" index="274" />
  <Pin name="xpcirxn1" index="275" />
  <Pin name="xpcirxp0" index="276" />
  <Pin name="xpcirxp1" index="277" />
  <Pin name="xpciscanclka" index="278" />
  <Pin name="xpciscanclkb" index="279" />
  <Pin name="xpciscancptr" index="280" />
  <Pin name="xpciscanmode0" index="281" />
  <Pin name="xpciscanmode1" index="282" />
  <Pin name="xpciscanmode2" index="283" />
  <Pin name="xpciscantdi" index="284" />
  <Pin name="xpciscantdo" index="285" />
  <Pin name="xpciscanupdt" index="286" />
  <Pin name="xpcisdpll_refclkin" index="287" />
  <Pin name="xpcislowclkin" index="288" />
  <Pin name="xpcitxn0" index="289" />
  <Pin name="xpcitxn1" index="290" />
  <Pin name="xpcitxp0" index="291" />
  <Pin name="xpcitxp1" index="292" />
  <Pin name="xpll1ana1" index="293" />
  <Pin name="xpll1ana2" index="294" />
  <Pin name="xpll1ana3" index="295" />
  <Pin name="xpll2ana1" index="296" />
  <Pin name="xpll2ana2" index="297" />
  <Pin name="xread" index="298" />
  <Pin name="xredun" index="299" />
  <Pin name="xredun_dpin" index="300" />
  <Pin name="xreservedin0" index="301" />
  <Pin name="xreservedin1" index="302" />
  <Pin name="xreservedio0" index="303" />
  <Pin name="xreservedio1" index="304" />
  <Pin name="xreservedio2" index="305" />
  <Pin name="xreservedout" index="306" />
  <Pin name="xreset" index="307" />
  <Pin name="xscn1ana1" index="308" />
  <Pin name="xscn1ana2" index="309" />
  <Pin name="xscn1ana3" index="310" />
  <Pin name="xscn1hso" index="311" />
  <Pin name="xscn2ana2" index="312" />
  <Pin name="xscn2ana3" index="313" />
  <Pin name="xsdpcipll_digview0" index="314" />
  <Pin name="xsdpcipll_digview1" index="315" />
  <Pin name="xsdpcipll_enable" index="316" />
  <Pin name="xsdpcipll_hsout_od" index="317" />
  <Pin name="xsdpcipll_ibias" index="318" />
  <Pin name="xsdpcipll_reset" index="319" />
  <Pin name="xshtoffen_b" index="320" />
  <Pin name="xsramvccmon" index="321" />
  <Pin name="xstktv1emllcr_fh" index="322" />
  <Pin name="xstktv1emllcr_fl" index="323" />
  <Pin name="xstktv1lwlfcr_fh" index="324" />
  <Pin name="xstktv1lwlfcr_fl" index="325" />
  <Pin name="xstkvbotmid_fh" index="326" />
  <Pin name="xstkvbotmid_fl" index="327" />
  <Pin name="xstkvbotmid_mh" index="328" />
  <Pin name="xstkvbotmid_ml" index="329" />
  <Pin name="xstkvcenter_fh" index="330" />
  <Pin name="xstkvcenter_fl" index="331" />
  <Pin name="xstkvcenter_mh" index="332" />
  <Pin name="xstkvcenter_ml" index="333" />
  <Pin name="xstkvemllcr_fh" index="334" />
  <Pin name="xstkvemllcr_fl" index="335" />
  <Pin name="xstkvemllcr_mh" index="336" />
  <Pin name="xstkvemllcr_ml" index="337" />
  <Pin name="xstkvemlwrt_fh" index="338" />
  <Pin name="xstkvemlwrt_fl" index="339" />
  <Pin name="xstkvemlwrt_mh" index="340" />
  <Pin name="xstkvemlwrt_ml" index="341" />
  <Pin name="xstkvemmidl_fh" index="342" />
  <Pin name="xstkvemmidl_fl" index="343" />
  <Pin name="xstkvemmidl_mh" index="344" />
  <Pin name="xstkvemmidl_ml" index="345" />
  <Pin name="xstkvemmidr_fh" index="346" />
  <Pin name="xstkvemmidr_fl" index="347" />
  <Pin name="xstkvemmidr_mh" index="348" />
  <Pin name="xstkvemmidr_ml" index="349" />
  <Pin name="xstkvemtopl_fh" index="350" />
  <Pin name="xstkvemtopl_fl" index="351" />
  <Pin name="xstkvemtopl_mh" index="352" />
  <Pin name="xstkvemtopl_ml" index="353" />
  <Pin name="xstkvemtopr_fh" index="354" />
  <Pin name="xstkvemtopr_fl" index="355" />
  <Pin name="xstkvemtopr_mh" index="356" />
  <Pin name="xstkvemtopr_ml" index="357" />
  <Pin name="xstkvlowlft_fh" index="358" />
  <Pin name="xstkvlowlft_fl" index="359" />
  <Pin name="xstkvlowlft_mh" index="360" />
  <Pin name="xstkvlowlft_ml" index="361" />
  <Pin name="xstkvlwlfcr_fh" index="362" />
  <Pin name="xstkvlwlfcr_fl" index="363" />
  <Pin name="xstkvlwlfcr_mh" index="364" />
  <Pin name="xstkvlwlfcr_ml" index="365" />
  <Pin name="xstkyreset" index="366" />
  <Pin name="xstokl" index="367" />
  <Pin name="xstopclock" index="368" />
  <Pin name="xstreq" index="369" />
  <Pin name="xstrun" index="370" />
  <Pin name="xtck" index="371" />
  <Pin name="xtdi" index="372" />
  <Pin name="xtdo" index="373" />
  <Pin name="xthmana1" index="374" />
  <Pin name="xthmana2" index="375" />
  <Pin name="xthmana3" index="376" />
  <Pin name="xthmnbda" index="377" />
  <Pin name="xthmnbdc" index="378" />
  <Pin name="xtms" index="379" />
  <Pin name="xtrst_b" index="380" />
  <Pin name="xvccmon0" index="381" />
  <Pin name="xvccmon1" index="382" />
  <Pin name="xvccmonlomet" index="383" />
  <Pin name="xvssmon0" index="384" />
  <Pin name="xvssmon1" index="385" />
  <Pin name="xwlvccmon" index="386" />
  <Pin name="xwrite" index="387" />
  <Pin name="xxadd0" index="388" />
  <Pin name="xxadd0_dpin" index="389" />
  <Pin name="xxadd1" index="390" />
  <Pin name="xxadd10" index="391" />
  <Pin name="xxadd10_dpin" index="392" />
  <Pin name="xxadd11" index="393" />
  <Pin name="xxadd11_dpin" index="394" />
  <Pin name="xxadd12" index="395" />
  <Pin name="xxadd12_dpin" index="396" />
  <Pin name="xxadd13" index="397" />
  <Pin name="xxadd13_dpin" index="398" />
  <Pin name="xxadd14" index="399" />
  <Pin name="xxadd14_dpin" index="400" />
  <Pin name="xxadd15" index="401" />
  <Pin name="xxadd15_dpin" index="402" />
  <Pin name="xxadd1_dpin" index="403" />
  <Pin name="xxadd2" index="404" />
  <Pin name="xxadd2_dpin" index="405" />
  <Pin name="xxadd3" index="406" />
  <Pin name="xxadd3_dpin" index="407" />
  <Pin name="xxadd4" index="408" />
  <Pin name="xxadd4_dpin" index="409" />
  <Pin name="xxadd5" index="410" />
  <Pin name="xxadd5_dpin" index="411" />
  <Pin name="xxadd6" index="412" />
  <Pin name="xxadd6_dpin" index="413" />
  <Pin name="xxadd7" index="414" />
  <Pin name="xxadd7_dpin" index="415" />
  <Pin name="xxadd8" index="416" />
  <Pin name="xxadd8_dpin" index="417" />
  <Pin name="xxadd9" index="418" />
  <Pin name="xxadd9_dpin" index="419" />
  <Pin name="xyadd0" index="420" />
  <Pin name="xyadd0_dpin" index="421" />
  <Pin name="xyadd1" index="422" />
  <Pin name="xyadd1_dpin" index="423" />
  <Pin name="xyadd2" index="424" />
  <Pin name="xyadd2_dpin" index="425" />
  <Pin name="xyadd3" index="426" />
  <Pin name="xyadd3_dpin" index="427" />
  <Pin name="xzadd0" index="428" />
  <Pin name="xzadd0_dpin" index="429" />
  <Pin name="xzadd1" index="430" />
  <Pin name="xzadd1_dpin" index="431" />
  <Pin name="xzadd2" index="432" />
  <Pin name="xzadd2_dpin" index="433" />
  <Pin name="xzadd3" index="434" />
  <Pin name="xzadd3_dpin" index="435" />
  <Pin name="xzadd4" index="436" />
  <Pin name="xzadd4_dpin" index="437" />
  <Pin name="xzadd5" index="438" />
  <Pin name="xzadd5_dpin" index="439" />
  <Pin name="xzadd6" index="440" />
  <Pin name="xzadd6_dpin" index="441" />
</Pin_Index_Table>